{
   "lipid": {
      "temperature": [
         0.0, 
         2.0, 
         4.0, 
         6.0, 
         8.0, 
         10.0, 
         12.0, 
         14.0, 
         16.0, 
         18.0, 
         20.0, 
         22.0, 
         24.0, 
         26.0, 
         28.0, 
         30.0, 
         32.0, 
         34.0, 
         36.0, 
         38.0, 
         40.0, 
         42.0, 
         44.0, 
         46.0, 
         48.0, 
         50.0, 
         52.0, 
         54.0, 
         56.0, 
         58.0, 
         60.0, 
         62.0, 
         64.0, 
         66.0, 
         68.0, 
         70.0, 
         72.0, 
         74.0, 
         76.0, 
         78.0, 
         80.0, 
         82.0, 
         84.0, 
         86.0, 
         88.0, 
         90.0, 
         92.0, 
         94.0, 
         96.0, 
         98.0, 
         100.0, 
         150.0, 
         200.0, 
         250.0, 
         300.0, 
         350.0, 
         400.0, 
         450.0, 
         500.0, 
         550.0, 
         600.0, 
         650.0, 
         700.0, 
         750.0, 
         800.0, 
         850.0, 
         900.0, 
         950.0, 
         1000.0, 
         1050.0, 
         1100.0, 
         1150.0, 
         1200.0, 
         1250.0, 
         1300.0, 
         1350.0, 
         1400.0, 
         1450.0, 
         1500.0, 
         1550.0, 
         1600.0, 
         1650.0, 
         1700.0, 
         1750.0, 
         1800.0, 
         1850.0, 
         1900.0, 
         1950.0, 
         2000.0, 
         2050.0, 
         2100.0, 
         2150.0, 
         2200.0, 
         2250.0, 
         2300.0, 
         2350.0, 
         2400.0, 
         2450.0, 
         2500.0, 
         2550.0, 
         2600.0, 
         2650.0, 
         2700.0, 
         2750.0, 
         2800.0, 
         2850.0, 
         2900.0, 
         2950.0, 
         3000.0
      ], 
      "hc": [
         0, 
         0.02113042, 
         0.055091028, 
         0.086911601, 
         0.118245507, 
         0.149442448, 
         0.180019663, 
         0.209649084, 
         0.238261063, 
         0.265938161, 
         0.292806447, 
         0.31899884, 
         0.344624037, 
         0.369768486, 
         0.394496215, 
         0.418849789, 
         0.442855474, 
         0.466529377, 
         0.48987865, 
         0.512904968, 
         0.535606547, 
         0.557982129, 
         0.580027763, 
         0.601742549, 
         0.623127086, 
         0.644179054, 
         0.664900782, 
         0.685297678, 
         0.70537174, 
         0.725127723, 
         0.744572347, 
         0.763711365, 
         0.782554394, 
         0.801105233, 
         0.819374662, 
         0.837369326, 
         0.855096995, 
         0.872566056, 
         0.889784155, 
         0.90675996, 
         0.923500423, 
         0.940013787, 
         0.956307354, 
         0.97238882, 
         0.988264425, 
         1.0039415, 
         1.019427777, 
         1.034728556, 
         1.04985167, 
         1.064802628, 
         1.079588783, 
         1.411882616, 
         1.721533667, 
         2.052675405, 
         2.411965581, 
         2.785053224, 
         3.154136539, 
         3.506315391, 
         3.834879855, 
         4.137748958, 
         4.41553018, 
         4.670070863, 
         4.903596304, 
         5.118281036, 
         5.31607798, 
         5.498674205, 
         5.667517579, 
         5.823853642, 
         5.968763632, 
         6.103202206, 
         6.228020599, 
         6.343985454, 
         6.451793433, 
         6.552083834, 
         6.645439917, 
         6.732400807, 
         6.813460135, 
         6.889073698, 
         6.959661057, 
         7.025608439, 
         7.087269048, 
         7.144970951, 
         7.199011154, 
         7.249669953, 
         7.297194611, 
         7.341819703, 
         7.383759489, 
         7.423208107, 
         7.460346009, 
         7.495338548, 
         7.528338818, 
         7.559484556, 
         7.588904897, 
         7.616718127, 
         7.64303406, 
         7.667952067, 
         7.691565052, 
         7.713960073, 
         7.735212657, 
         7.755398896, 
         7.774584749, 
         7.7928345, 
         7.81020249, 
         7.826746546, 
         7.842513362, 
         7.857550648, 
         7.871901512, 
         7.885604559, 
         7.898696983
      ]
   }, 
   "oligonucleotide": {
      "temperature": [
         0.0, 
         2.0, 
         4.0, 
         6.0, 
         8.0, 
         10.0, 
         12.0, 
         14.0, 
         16.0, 
         18.0, 
         20.0, 
         22.0, 
         24.0, 
         26.0, 
         28.0, 
         30.0, 
         32.0, 
         34.0, 
         36.0, 
         38.0, 
         40.0, 
         42.0, 
         44.0, 
         46.0, 
         48.0, 
         50.0, 
         52.0, 
         54.0, 
         56.0, 
         58.0, 
         60.0, 
         62.0, 
         64.0, 
         66.0, 
         68.0, 
         70.0, 
         72.0, 
         74.0, 
         76.0, 
         78.0, 
         80.0, 
         82.0, 
         84.0, 
         86.0, 
         88.0, 
         90.0, 
         92.0, 
         94.0, 
         96.0, 
         98.0, 
         100.0, 
         150.0, 
         200.0, 
         250.0, 
         300.0, 
         350.0, 
         400.0, 
         450.0, 
         500.0, 
         550.0, 
         600.0, 
         650.0, 
         700.0, 
         750.0, 
         800.0, 
         850.0, 
         900.0, 
         950.0, 
         1000.0, 
         1050.0, 
         1100.0, 
         1150.0, 
         1200.0, 
         1250.0, 
         1300.0, 
         1350.0, 
         1400.0, 
         1450.0, 
         1500.0, 
         1550.0, 
         1600.0, 
         1650.0, 
         1700.0, 
         1750.0, 
         1800.0, 
         1850.0, 
         1900.0, 
         1950.0, 
         2000.0, 
         2050.0, 
         2100.0, 
         2150.0, 
         2200.0, 
         2250.0, 
         2300.0, 
         2350.0, 
         2400.0, 
         2450.0, 
         2500.0, 
         2550.0, 
         2600.0, 
         2650.0, 
         2700.0, 
         2750.0, 
         2800.0, 
         2850.0, 
         2900.0, 
         2950.0, 
         3000.0
      ], 
      "hc": [
         0, 
         0.006394084, 
         0.021179746, 
         0.035305892, 
         0.053133411, 
         0.075766654, 
         0.102164275, 
         0.130923588, 
         0.160879765, 
         0.191197693, 
         0.221318945, 
         0.250916805, 
         0.279801916, 
         0.307909471, 
         0.33523064, 
         0.361801881, 
         0.387677249, 
         0.412928887, 
         0.437621674, 
         0.461818742, 
         0.48558483, 
         0.508969285, 
         0.532020385, 
         0.554777692, 
         0.577275708, 
         0.599545008, 
         0.621613341, 
         0.643503618, 
         0.665231242, 
         0.68681768, 
         0.708276159, 
         0.729617514, 
         0.750856194, 
         0.771997036, 
         0.793053637, 
         0.81402842, 
         0.834928744, 
         0.855761825, 
         0.876528125, 
         0.897233476, 
         0.917881355, 
         0.938473731, 
         0.959011342, 
         0.979496426, 
         0.999928701, 
         1.020315331, 
         1.040652516, 
         1.060941951, 
         1.081183335, 
         1.101377072, 
         1.121526791, 
         1.611874021, 
         2.085178796, 
         2.551315066, 
         3.007753796, 
         3.444060769, 
         3.850197381, 
         4.220434538, 
         4.55344988, 
         4.850961203, 
         5.116231998, 
         5.353072952, 
         5.565197578, 
         5.755958734, 
         5.928246383, 
         6.084491685, 
         6.226735178, 
         6.35666531, 
         6.475702695, 
         6.58503961, 
         6.685701852, 
         6.778556369, 
         6.864362544, 
         6.943781261, 
         7.017400361, 
         7.085733749, 
         7.149245053, 
         7.20834277, 
         7.263403903, 
         7.314757857, 
         7.362710484, 
         7.407530307, 
         7.449472023, 
         7.488755076, 
         7.525589244, 
         7.560159387, 
         7.592635245, 
         7.623174857, 
         7.651918687, 
         7.679001685, 
         7.704537403, 
         7.728638357, 
         7.751402448, 
         7.772922978, 
         7.793285836, 
         7.812570064, 
         7.830846339, 
         7.848176903, 
         7.864630373, 
         7.880258101, 
         7.89511074, 
         7.909242569, 
         7.922690693, 
         7.935504601, 
         7.94772009, 
         7.959370779, 
         7.970490971, 
         7.981108508, 
         7.991257611
      ]
   }, 
   "drug": {
      "temperature": [
         0.0, 
         2.0, 
         4.0, 
         6.0, 
         8.0, 
         10.0, 
         12.0, 
         14.0, 
         16.0, 
         18.0, 
         20.0, 
         22.0, 
         24.0, 
         26.0, 
         28.0, 
         30.0, 
         32.0, 
         34.0, 
         36.0, 
         38.0, 
         40.0, 
         42.0, 
         44.0, 
         46.0, 
         48.0, 
         50.0, 
         52.0, 
         54.0, 
         56.0, 
         58.0, 
         60.0, 
         62.0, 
         64.0, 
         66.0, 
         68.0, 
         70.0, 
         72.0, 
         74.0, 
         76.0, 
         78.0, 
         80.0, 
         82.0, 
         84.0, 
         86.0, 
         88.0, 
         90.0, 
         92.0, 
         94.0, 
         96.0, 
         98.0, 
         100.0, 
         150.0, 
         200.0, 
         250.0, 
         300.0, 
         350.0, 
         400.0, 
         450.0, 
         500.0, 
         550.0, 
         600.0, 
         650.0, 
         700.0, 
         750.0, 
         800.0, 
         850.0, 
         900.0, 
         950.0, 
         1000.0, 
         1050.0, 
         1100.0, 
         1150.0, 
         1200.0, 
         1250.0, 
         1300.0, 
         1350.0, 
         1400.0, 
         1450.0, 
         1500.0, 
         1550.0, 
         1600.0, 
         1650.0, 
         1700.0, 
         1750.0, 
         1800.0, 
         1850.0, 
         1900.0, 
         1950.0, 
         2000.0, 
         2050.0, 
         2100.0, 
         2150.0, 
         2200.0, 
         2250.0, 
         2300.0, 
         2350.0, 
         2400.0, 
         2450.0, 
         2500.0, 
         2550.0, 
         2600.0, 
         2650.0, 
         2700.0, 
         2750.0, 
         2800.0, 
         2850.0, 
         2900.0, 
         2950.0, 
         3000.0
      ], 
      "hc": [
         0, 
         0.000811905, 
         0.007915695, 
         0.018975225, 
         0.033864959, 
         0.051915429, 
         0.071844361, 
         0.092660406, 
         0.113829433, 
         0.135087416, 
         0.156307268, 
         0.177425559, 
         0.19838443, 
         0.219137322, 
         0.239659492, 
         0.259920604, 
         0.279890299, 
         0.299571382, 
         0.318944549, 
         0.338013852, 
         0.356781856, 
         0.375271998, 
         0.393482414, 
         0.411436247, 
         0.429151018, 
         0.446642486, 
         0.463933949, 
         0.481043228, 
         0.49798078, 
         0.514775679, 
         0.531441557, 
         0.547991473, 
         0.564443625, 
         0.580805394, 
         0.597093212, 
         0.613323193, 
         0.629492361, 
         0.645623298, 
         0.661708662, 
         0.677773319, 
         0.693810996, 
         0.709827491, 
         0.725823773, 
         0.741817466, 
         0.757796523, 
         0.773773387, 
         0.789749347, 
         0.805717935, 
         0.82168691, 
         0.837652976, 
         0.853622207, 
         1.254062584, 
         1.660515727, 
         2.078546763, 
         2.503442304, 
         2.92220425, 
         3.321769048, 
         3.693572943, 
         4.034017335, 
         4.343094371, 
         4.622849253, 
         4.876171361, 
         5.106097395, 
         5.315448126, 
         5.506692314, 
         5.681940622, 
         5.842966588, 
         5.991270358, 
         6.128130796, 
         6.254627882, 
         6.371729412, 
         6.480255926, 
         6.580953201, 
         6.674483793, 
         6.761441802, 
         6.84236226, 
         6.917733605, 
         6.988008046, 
         7.05357995, 
         7.114825449, 
         7.172081448, 
         7.225655127, 
         7.275826264, 
         7.322855268, 
         7.366980054, 
         7.408416802, 
         7.447358104, 
         7.483996867, 
         7.518488894, 
         7.550998204, 
         7.581659942, 
         7.61060483, 
         7.637947875, 
         7.663800037, 
         7.688266996, 
         7.711438142, 
         7.733401478, 
         7.754230279, 
         7.774006835, 
         7.792786722, 
         7.810641077, 
         7.8276303, 
         7.843798877, 
         7.859201237, 
         7.873885062, 
         7.887887892, 
         7.901251932, 
         7.914022107, 
         7.92621935
      ]
   }, 
   "sugar": {
      "temperature": [
         0.0, 
         2.0, 
         4.0, 
         6.0, 
         8.0, 
         10.0, 
         12.0, 
         14.0, 
         16.0, 
         18.0, 
         20.0, 
         22.0, 
         24.0, 
         26.0, 
         28.0, 
         30.0, 
         32.0, 
         34.0, 
         36.0, 
         38.0, 
         40.0, 
         42.0, 
         44.0, 
         46.0, 
         48.0, 
         50.0, 
         52.0, 
         54.0, 
         56.0, 
         58.0, 
         60.0, 
         62.0, 
         64.0, 
         66.0, 
         68.0, 
         70.0, 
         72.0, 
         74.0, 
         76.0, 
         78.0, 
         80.0, 
         82.0, 
         84.0, 
         86.0, 
         88.0, 
         90.0, 
         92.0, 
         94.0, 
         96.0, 
         98.0, 
         100.0, 
         150.0, 
         200.0, 
         250.0, 
         300.0, 
         350.0, 
         400.0, 
         450.0, 
         500.0, 
         550.0, 
         600.0, 
         650.0, 
         700.0, 
         750.0, 
         800.0, 
         850.0, 
         900.0, 
         950.0, 
         1000.0, 
         1050.0, 
         1100.0, 
         1150.0, 
         1200.0, 
         1250.0, 
         1300.0, 
         1350.0, 
         1400.0, 
         1450.0, 
         1500.0, 
         1550.0, 
         1600.0, 
         1650.0, 
         1700.0, 
         1750.0, 
         1800.0, 
         1850.0, 
         1900.0, 
         1950.0, 
         2000.0, 
         2050.0, 
         2100.0, 
         2150.0, 
         2200.0, 
         2250.0, 
         2300.0, 
         2350.0, 
         2400.0, 
         2450.0, 
         2500.0, 
         2550.0, 
         2600.0, 
         2650.0, 
         2700.0, 
         2750.0, 
         2800.0, 
         2850.0, 
         2900.0, 
         2950.0, 
         3000.0
      ], 
      "hc": [
         0, 
         0, 
         0.000306818, 
         0.003454545, 
         0.010450428, 
         0.019594862, 
         0.029789032, 
         0.040801054, 
         0.052696146, 
         0.065554513, 
         0.07938554, 
         0.094144763, 
         0.109744565, 
         0.126075593, 
         0.143039855, 
         0.16053969, 
         0.178488142, 
         0.196809618, 
         0.215453393, 
         0.234358696, 
         0.253496871, 
         0.272824769, 
         0.292335804, 
         0.312004776, 
         0.331824769, 
         0.351777833, 
         0.371860507, 
         0.392061759, 
         0.412374341, 
         0.43280204, 
         0.453333498, 
         0.473961462, 
         0.494689394, 
         0.515509717, 
         0.536400362, 
         0.557379282, 
         0.578424407, 
         0.599528162, 
         0.620694005, 
         0.641899868, 
         0.663152668, 
         0.684434124, 
         0.705740448, 
         0.727060277, 
         0.748397398, 
         0.769729414, 
         0.791052866, 
         0.812360178, 
         0.833640316, 
         0.854896739, 
         0.876114954, 
         1.380312088, 
         1.828329545, 
         2.251394433, 
         2.66935886, 
         3.078798254, 
         3.468636693, 
         3.830267951, 
         4.15989888, 
         4.457614295, 
         4.725680336, 
         4.967288702, 
         5.185731719, 
         5.384068017, 
         5.564934289, 
         5.730548748, 
         5.882759058, 
         6.023076416, 
         6.152774539, 
         6.272908926, 
         6.384390646, 
         6.488000823, 
         6.584410244, 
         6.67423666, 
         6.757995389, 
         6.83619697, 
         6.909245389, 
         6.977558794, 
         7.04148913, 
         7.101369401, 
         7.157507082, 
         7.210161397, 
         7.259606061, 
         7.306056159, 
         7.349740942, 
         7.390853096, 
         7.42958498, 
         7.466084816, 
         7.500519104, 
         7.533028491, 
         7.56373913, 
         7.592783762, 
         7.620266469, 
         7.646283432, 
         7.670941864, 
         7.694330698, 
         7.716520257, 
         7.737602931, 
         7.757634552, 
         7.776681653, 
         7.794806983, 
         7.812069829, 
         7.828518445, 
         7.844204545, 
         7.859168808, 
         7.873448452, 
         7.887091403, 
         7.90013834, 
         7.912607872
      ]
   }, 
   "tunemix": {
      "temperature": [
         0.0, 
         2.0, 
         4.0, 
         6.0, 
         8.0, 
         10.0, 
         12.0, 
         14.0, 
         16.0, 
         18.0, 
         20.0, 
         22.0, 
         24.0, 
         26.0, 
         28.0, 
         30.0, 
         32.0, 
         34.0, 
         36.0, 
         38.0, 
         40.0, 
         42.0, 
         44.0, 
         46.0, 
         48.0, 
         50.0, 
         52.0, 
         54.0, 
         56.0, 
         58.0, 
         60.0, 
         62.0, 
         64.0, 
         66.0, 
         68.0, 
         70.0, 
         72.0, 
         74.0, 
         76.0, 
         78.0, 
         80.0, 
         82.0, 
         84.0, 
         86.0, 
         88.0, 
         90.0, 
         92.0, 
         94.0, 
         96.0, 
         98.0, 
         100.0, 
         150.0, 
         200.0, 
         250.0, 
         300.0, 
         350.0, 
         400.0, 
         450.0, 
         500.0, 
         550.0, 
         600.0, 
         650.0, 
         700.0, 
         750.0, 
         800.0, 
         850.0, 
         900.0, 
         950.0, 
         1000.0, 
         1050.0, 
         1100.0, 
         1150.0, 
         1200.0, 
         1250.0, 
         1300.0, 
         1350.0, 
         1400.0, 
         1450.0, 
         1500.0, 
         1550.0, 
         1600.0, 
         1650.0, 
         1700.0, 
         1750.0, 
         1800.0, 
         1850.0, 
         1900.0, 
         1950.0, 
         2000.0, 
         2050.0, 
         2100.0, 
         2150.0, 
         2200.0, 
         2250.0, 
         2300.0, 
         2350.0, 
         2400.0, 
         2450.0, 
         2500.0, 
         2550.0, 
         2600.0, 
         2650.0, 
         2700.0, 
         2750.0, 
         2800.0, 
         2850.0, 
         2900.0, 
         2950.0, 
         3000.0
      ], 
      "hc": [
         0, 
         0.008492034, 
         0.038729647, 
         0.076235516, 
         0.119849031, 
         0.16800996, 
         0.218607047, 
         0.270058071, 
         0.321363704, 
         0.371943079, 
         0.421456408, 
         0.469715833, 
         0.516627873, 
         0.56215582, 
         0.606321935, 
         0.649167605, 
         0.690764787, 
         0.731196559, 
         0.770554485, 
         0.808932331, 
         0.84642482, 
         0.883120358, 
         0.91910274, 
         0.954451471, 
         0.989228907, 
         1.023502169, 
         1.057324298, 
         1.090737836, 
         1.123790864, 
         1.156510193, 
         1.188925569, 
         1.221062519, 
         1.252937487, 
         1.284565669, 
         1.31595821, 
         1.347125947, 
         1.378073578, 
         1.408805964, 
         1.439327494, 
         1.46963851, 
         1.499740225, 
         1.52962788, 
         1.559305765, 
         1.58877317, 
         1.61802726, 
         1.647061181, 
         1.67588297, 
         1.704483847, 
         1.732863003, 
         1.761021959, 
         1.78895683, 
         2.415467365, 
         2.930627844, 
         3.384707424, 
         3.805856554, 
         4.199278327, 
         4.561647832, 
         4.889900666, 
         5.183667708, 
         5.444868877, 
         5.676670643, 
         5.882634232, 
         6.066205698, 
         6.230475407, 
         6.378096059, 
         6.511309159, 
         6.631980032, 
         6.741667549, 
         6.841684938, 
         6.933124371, 
         7.016931304, 
         7.09390898, 
         7.164748203, 
         7.230062118, 
         7.290374727, 
         7.346163779, 
         7.397841987, 
         7.445774693, 
         7.490301715, 
         7.53171229, 
         7.570276675, 
         7.606235348, 
         7.639800732, 
         7.671167383, 
         7.700518954, 
         7.728011136, 
         7.7537923, 
         7.777991428, 
         7.800728051, 
         7.822116671, 
         7.842253316, 
         7.86123243, 
         7.879137584, 
         7.896039246, 
         7.912015079, 
         7.927124578, 
         7.941428724, 
         7.954980259, 
         7.967832365, 
         7.980029479, 
         7.991610835, 
         8.002622862, 
         8.013091897, 
         8.023059642, 
         8.032551657, 
         8.041601473, 
         8.050233264, 
         8.058471715, 
         8.06633928
      ]
   }, 
   "tunemix322": {
      "temperature": [
         0.0, 
         2.0, 
         4.0, 
         6.0, 
         8.0, 
         10.0, 
         12.0, 
         14.0, 
         16.0, 
         18.0, 
         20.0, 
         22.0, 
         24.0, 
         26.0, 
         28.0, 
         30.0, 
         32.0, 
         34.0, 
         36.0, 
         38.0, 
         40.0, 
         42.0, 
         44.0, 
         46.0, 
         48.0, 
         50.0, 
         52.0, 
         54.0, 
         56.0, 
         58.0, 
         60.0, 
         62.0, 
         64.0, 
         66.0, 
         68.0, 
         70.0, 
         72.0, 
         74.0, 
         76.0, 
         78.0, 
         80.0, 
         82.0, 
         84.0, 
         86.0, 
         88.0, 
         90.0, 
         92.0, 
         94.0, 
         96.0, 
         98.0, 
         100.0, 
         150.0, 
         200.0, 
         250.0, 
         300.0, 
         350.0, 
         400.0, 
         450.0, 
         500.0, 
         550.0, 
         600.0, 
         650.0, 
         700.0, 
         750.0, 
         800.0, 
         850.0, 
         900.0, 
         950.0, 
         1000.0, 
         1050.0, 
         1100.0, 
         1150.0, 
         1200.0, 
         1250.0, 
         1300.0, 
         1350.0, 
         1400.0, 
         1450.0, 
         1500.0, 
         1550.0, 
         1600.0, 
         1650.0, 
         1700.0, 
         1750.0, 
         1800.0, 
         1850.0, 
         1900.0, 
         1950.0, 
         2000.0, 
         2050.0, 
         2100.0, 
         2150.0, 
         2200.0, 
         2250.0, 
         2300.0, 
         2350.0, 
         2400.0, 
         2450.0, 
         2500.0, 
         2550.0, 
         2600.0, 
         2650.0, 
         2700.0, 
         2750.0, 
         2800.0, 
         2850.0, 
         2900.0, 
         2950.0, 
         3000.0
      ], 
      "hc": [
         0, 
         0, 
         0.000104762, 
         0.003161905, 
         0.015447619, 
         0.038133333, 
         0.068514286, 
         0.104085714, 
         0.143238095, 
         0.184971429, 
         0.228580952, 
         0.273495238, 
         0.319219048, 
         0.365304762, 
         0.4114, 
         0.457180952, 
         0.502409524, 
         0.546885714, 
         0.59047619, 
         0.63307619, 
         0.674638095, 
         0.71512381, 
         0.754533333, 
         0.79287619, 
         0.830161905, 
         0.866438095, 
         0.901742857, 
         0.936104762, 
         0.969590476, 
         1.002228571, 
         1.034066667, 
         1.065152381, 
         1.09552381, 
         1.125219048, 
         1.15427619, 
         1.182733333, 
         1.210619048, 
         1.237961905, 
         1.264790476, 
         1.291133333, 
         1.317009524, 
         1.342428571, 
         1.367428571, 
         1.392019048, 
         1.416219048, 
         1.440028571, 
         1.463485714, 
         1.486580952, 
         1.509333333, 
         1.531761905, 
         1.553866667, 
         2.024066667, 
         2.398971429, 
         2.745295238, 
         3.089942857, 
         3.432733333, 
         3.7646, 
         4.077514286, 
         4.367247619, 
         4.63287619, 
         4.87547619, 
         5.097057143, 
         5.299866667, 
         5.486038095, 
         5.657438095, 
         5.815666667, 
         5.962057143, 
         6.097742857, 
         6.223695238, 
         6.34072381, 
         6.449580952, 
         6.550914286, 
         6.645295238, 
         6.73327619, 
         6.81532381, 
         6.891904762, 
         6.963419048, 
         7.030238095, 
         7.092733333, 
         7.151209524, 
         7.205971429, 
         7.257295238, 
         7.305428571, 
         7.3506, 
         7.393038095, 
         7.432933333, 
         7.47047619, 
         7.505819048, 
         7.53912381, 
         7.570542857, 
         7.600190476, 
         7.6282, 
         7.654685714, 
         7.679733333, 
         7.703457143, 
         7.725933333, 
         7.747247619, 
         7.767466667, 
         7.78667619, 
         7.804933333, 
         7.822285714, 
         7.838809524, 
         7.854533333, 
         7.86952381, 
         7.883809524, 
         7.897447619, 
         7.910466667, 
         7.922904762, 
         7.934790476
      ]
   }, 
   "tunemix622": {
      "temperature": [
         0.0, 
         2.0, 
         4.0, 
         6.0, 
         8.0, 
         10.0, 
         12.0, 
         14.0, 
         16.0, 
         18.0, 
         20.0, 
         22.0, 
         24.0, 
         26.0, 
         28.0, 
         30.0, 
         32.0, 
         34.0, 
         36.0, 
         38.0, 
         40.0, 
         42.0, 
         44.0, 
         46.0, 
         48.0, 
         50.0, 
         52.0, 
         54.0, 
         56.0, 
         58.0, 
         60.0, 
         62.0, 
         64.0, 
         66.0, 
         68.0, 
         70.0, 
         72.0, 
         74.0, 
         76.0, 
         78.0, 
         80.0, 
         82.0, 
         84.0, 
         86.0, 
         88.0, 
         90.0, 
         92.0, 
         94.0, 
         96.0, 
         98.0, 
         100.0, 
         150.0, 
         200.0, 
         250.0, 
         300.0, 
         350.0, 
         400.0, 
         450.0, 
         500.0, 
         550.0, 
         600.0, 
         650.0, 
         700.0, 
         750.0, 
         800.0, 
         850.0, 
         900.0, 
         950.0, 
         1000.0, 
         1050.0, 
         1100.0, 
         1150.0, 
         1200.0, 
         1250.0, 
         1300.0, 
         1350.0, 
         1400.0, 
         1450.0, 
         1500.0, 
         1550.0, 
         1600.0, 
         1650.0, 
         1700.0, 
         1750.0, 
         1800.0, 
         1850.0, 
         1900.0, 
         1950.0, 
         2000.0, 
         2050.0, 
         2100.0, 
         2150.0, 
         2200.0, 
         2250.0, 
         2300.0, 
         2350.0, 
         2400.0, 
         2450.0, 
         2500.0, 
         2550.0, 
         2600.0, 
         2650.0, 
         2700.0, 
         2750.0, 
         2800.0, 
         2850.0, 
         2900.0, 
         2950.0, 
         3000.0
      ], 
      "hc": [
         0.0, 
         0.006564294666666666, 
         0.024831389333333335, 
         0.04752491533333333, 
         0.07820103433333332, 
         0.11649962533333333, 
         0.15968368133333333, 
         0.205495345, 
         0.25255573366666667, 
         0.30009206366666663, 
         0.3476407346666667, 
         0.39488945966666666, 
         0.44160920299999995, 
         0.48761016599999996, 
         0.5327722846666667, 
         0.5769870516666666, 
         0.6201981096666667, 
         0.6623682536666666, 
         0.703490993, 
         0.7435738893333333, 
         0.782647619, 
         0.8207467096666666, 
         0.8579161046666667, 
         0.8942058496666666, 
         0.9296535046666666, 
         0.9643195290000001, 
         0.9982517923333333, 
         1.03148682, 
         1.0640840376666667, 
         1.0960712320000001, 
         1.1274901376666666, 
         1.1583774923333334, 
         1.18876244, 
         1.2186728733333334, 
         1.248134189, 
         1.2771730333333333, 
         1.305805957, 
         1.3340520066666666, 
         1.3619289816666666, 
         1.3894521846666668, 
         1.416633066, 
         1.4434754766666666, 
         1.4700010696666668, 
         1.4962161943333334, 
         1.5221298023333334, 
         1.5477381483333335, 
         1.5730666306666665, 
         1.5981064023333333, 
         1.6228676653333334, 
         1.6473606206666667, 
         1.6715852686666668, 
         2.2025812736666666, 
         2.6355165333333335, 
         3.027603816666667, 
         3.4051654003333334, 
         3.7699345816666665, 
         4.115170287, 
         4.434922133333334, 
         4.726593294, 
         4.990465525, 
         5.228508471333333, 
         5.443397646, 
         5.637898627, 
         5.814563474, 
         5.975604173333333, 
         6.122905118666667, 
         6.258035598333334, 
         6.382319208, 
         6.4968817193333335, 
         6.60265857, 
         6.700490921666667, 
         6.7910964153333335, 
         6.875100695333334, 
         6.953084251666667, 
         7.025541716, 
         7.092943998666667, 
         7.1556988409999995, 
         7.214174959666666, 
         7.268731086, 
         7.319664027333333, 
         7.367265597, 
         7.411796076333333, 
         7.453486712666667, 
         7.492552309666666, 
         7.529201426666666, 
         7.563609737666667, 
         7.595947922000001, 
         7.626360014666667, 
         7.654987658666667, 
         7.681967397666667, 
         7.707405386, 
         7.731417977666666, 
         7.754105082666666, 
         7.775546317, 
         7.795840342666667, 
         7.815054182, 
         7.833264954333333, 
         7.850532085, 
         7.866926448666667, 
         7.882499875, 
         7.8972965933333334, 
         7.911379882333334, 
         7.924776279333334, 
         7.937542714666667, 
         7.949705725, 
         7.961310897, 
         7.972387265999999, 
         7.982965222, 
         7.9930713036666665
      ]
   }, 
   "tunemix922": {
      "temperature": [
         0.0, 
         2.0, 
         4.0, 
         6.0, 
         8.0, 
         10.0, 
         12.0, 
         14.0, 
         16.0, 
         18.0, 
         20.0, 
         22.0, 
         24.0, 
         26.0, 
         28.0, 
         30.0, 
         32.0, 
         34.0, 
         36.0, 
         38.0, 
         40.0, 
         42.0, 
         44.0, 
         46.0, 
         48.0, 
         50.0, 
         52.0, 
         54.0, 
         56.0, 
         58.0, 
         60.0, 
         62.0, 
         64.0, 
         66.0, 
         68.0, 
         70.0, 
         72.0, 
         74.0, 
         76.0, 
         78.0, 
         80.0, 
         82.0, 
         84.0, 
         86.0, 
         88.0, 
         90.0, 
         92.0, 
         94.0, 
         96.0, 
         98.0, 
         100.0, 
         150.0, 
         200.0, 
         250.0, 
         300.0, 
         350.0, 
         400.0, 
         450.0, 
         500.0, 
         550.0, 
         600.0, 
         650.0, 
         700.0, 
         750.0, 
         800.0, 
         850.0, 
         900.0, 
         950.0, 
         1000.0, 
         1050.0, 
         1100.0, 
         1150.0, 
         1200.0, 
         1250.0, 
         1300.0, 
         1350.0, 
         1400.0, 
         1450.0, 
         1500.0, 
         1550.0, 
         1600.0, 
         1650.0, 
         1700.0, 
         1750.0, 
         1800.0, 
         1850.0, 
         1900.0, 
         1950.0, 
         2000.0, 
         2050.0, 
         2100.0, 
         2150.0, 
         2200.0, 
         2250.0, 
         2300.0, 
         2350.0, 
         2400.0, 
         2450.0, 
         2500.0, 
         2550.0, 
         2600.0, 
         2650.0, 
         2700.0, 
         2750.0, 
         2800.0, 
         2850.0, 
         2900.0, 
         2950.0, 
         3000.0
      ], 
      "hc": [
         0.0, 
         0.013128589333333333, 
         0.04955801666666667, 
         0.09188792566666666, 
         0.14095444966666665, 
         0.19486591766666664, 
         0.2508530766666667, 
         0.306904976, 
         0.36187337233333333, 
         0.4152126983333333, 
         0.46670051733333334, 
         0.5162836813333334, 
         0.563999358, 
         0.60991557, 
         0.6541445693333333, 
         0.6967931513333333, 
         0.7379866953333334, 
         0.7778507933333333, 
         0.816505796, 
         0.8540715886666667, 
         0.890657143, 
         0.9263696093333333, 
         0.9612988763333334, 
         0.9955355093333333, 
         1.0291451043333333, 
         1.062200963, 
         1.0947607276666667, 
         1.126868878, 
         1.1585775993333334, 
         1.189913893, 
         1.2209136083333334, 
         1.2516026036666668, 
         1.28200107, 
         1.3121266986666666, 
         1.341992188, 
         1.3716127336666668, 
         1.4009928660000002, 
         1.4301421083333334, 
         1.4590674873333334, 
         1.4877710363333334, 
         1.516256608, 
         1.5445223823333332, 
         1.5725735683333333, 
         1.6004133406666667, 
         1.6280405566666667, 
         1.6554477256666666, 
         1.6826475473333333, 
         1.7096318526666665, 
         1.7364019976666667, 
         1.7629593363333333, 
         1.7893038703333333, 
         2.3810958803333335, 
         2.8720616376666666, 
         3.3099123953333334, 
         3.7203879436666663, 
         4.107135830333333, 
         4.465740574, 
         4.792329980666667, 
         5.085938969, 
         5.3480548599999995, 
         5.581540752666666, 
         5.789738149, 
         5.975930587, 
         6.143088853, 
         6.2937702516666665, 
         6.430143570333334, 
         6.554014053666666, 
         6.666895559, 
         6.770068200666667, 
         6.86459333, 
         6.951400891333333, 
         7.031278544666667, 
         7.104906152666667, 
         7.1728923133333335, 
         7.235759622, 
         7.293983235333333, 
         7.347978634, 
         7.398111824333333, 
         7.444728839, 
         7.488118530666667, 
         7.528559765, 
         7.566296914666667, 
         7.6015448543333335, 
         7.634504619333334, 
         7.665364758333333, 
         7.6942861423333335, 
         7.721419654, 
         7.746900981333333, 
         7.770851507333333, 
         7.793391938333333, 
         7.814620296, 
         7.834635955333334, 
         7.8535244513333335, 
         7.871359301, 
         7.888223542333333, 
         7.904175031, 
         7.919282289666667, 
         7.933597503, 
         7.947176707333333, 
         7.960066417, 
         7.9723074726666665, 
         7.983950240666667, 
         7.995019225666667, 
         8.005561619333333, 
         8.015601926, 
         8.025174175, 
         8.034307864999999, 
         8.043025682, 
         8.051352131333333
      ]
   }, 
   "tunemix1222": {
      "temperature": [
         0.0, 
         2.0, 
         4.0, 
         6.0, 
         8.0, 
         10.0, 
         12.0, 
         14.0, 
         16.0, 
         18.0, 
         20.0, 
         22.0, 
         24.0, 
         26.0, 
         28.0, 
         30.0, 
         32.0, 
         34.0, 
         36.0, 
         38.0, 
         40.0, 
         42.0, 
         44.0, 
         46.0, 
         48.0, 
         50.0, 
         52.0, 
         54.0, 
         56.0, 
         58.0, 
         60.0, 
         62.0, 
         64.0, 
         66.0, 
         68.0, 
         70.0, 
         72.0, 
         74.0, 
         76.0, 
         78.0, 
         80.0, 
         82.0, 
         84.0, 
         86.0, 
         88.0, 
         90.0, 
         92.0, 
         94.0, 
         96.0, 
         98.0, 
         100.0, 
         150.0, 
         200.0, 
         250.0, 
         300.0, 
         350.0, 
         400.0, 
         450.0, 
         500.0, 
         550.0, 
         600.0, 
         650.0, 
         700.0, 
         750.0, 
         800.0, 
         850.0, 
         900.0, 
         950.0, 
         1000.0, 
         1050.0, 
         1100.0, 
         1150.0, 
         1200.0, 
         1250.0, 
         1300.0, 
         1350.0, 
         1400.0, 
         1450.0, 
         1500.0, 
         1550.0, 
         1600.0, 
         1650.0, 
         1700.0, 
         1750.0, 
         1800.0, 
         1850.0, 
         1900.0, 
         1950.0, 
         2000.0, 
         2050.0, 
         2100.0, 
         2150.0, 
         2200.0, 
         2250.0, 
         2300.0, 
         2350.0, 
         2400.0, 
         2450.0, 
         2500.0, 
         2550.0, 
         2600.0, 
         2650.0, 
         2700.0, 
         2750.0, 
         2800.0, 
         2850.0, 
         2900.0, 
         2950.0, 
         3000.0
      ], 
      "hc": [
         0, 
         0.019692884, 
         0.074284644, 
         0.136250936, 
         0.203707865, 
         0.27323221, 
         0.342022472, 
         0.408314607, 
         0.471191011, 
         0.530333333, 
         0.5857603, 
         0.637677903, 
         0.686389513, 
         0.732220974, 
         0.775516854, 
         0.816599251, 
         0.855775281, 
         0.893333333, 
         0.929520599, 
         0.964569288, 
         0.998666667, 
         1.031992509, 
         1.064681648, 
         1.096865169, 
         1.128636704, 
         1.160082397, 
         1.191269663, 
         1.222250936, 
         1.253071161, 
         1.283756554, 
         1.314337079, 
         1.344827715, 
         1.3752397, 
         1.405580524, 
         1.435850187, 
         1.466052434, 
         1.496179775, 
         1.52623221, 
         1.556205993, 
         1.586089888, 
         1.61588015, 
         1.645569288, 
         1.675146067, 
         1.704610487, 
         1.733951311, 
         1.763157303, 
         1.792228464, 
         1.821157303, 
         1.84993633, 
         1.878558052, 
         1.907022472, 
         2.559610487, 
         3.108606742, 
         3.592220974, 
         4.035610487, 
         4.444337079, 
         4.816310861, 
         5.149737828, 
         5.445284644, 
         5.705644195, 
         5.934573034, 
         6.136078652, 
         6.313962547, 
         6.471614232, 
         6.61193633, 
         6.737382022, 
         6.849992509, 
         6.95147191, 
         7.043254682, 
         7.12652809, 
         7.202310861, 
         7.271460674, 
         7.33471161, 
         7.392700375, 
         7.445977528, 
         7.495022472, 
         7.540258427, 
         7.582048689, 
         7.620726592, 
         7.656573034, 
         7.689853933, 
         7.720797753, 
         7.749602996, 
         7.776456929, 
         7.80152809, 
         7.824962547, 
         7.846891386, 
         7.867441948, 
         7.886715356, 
         7.904816479, 
         7.921835206, 
         7.937853933, 
         7.95294382, 
         7.967172285, 
         7.980606742, 
         7.99329588, 
         8.005299625, 
         8.016662921, 
         8.027426966, 
         8.037632959, 
         8.047318352, 
         8.056520599, 
         8.065262172, 
         8.073580524, 
         8.081498127, 
         8.089037453, 
         8.096228464, 
         8.103086142, 
         8.109632959
      ]
   }, 
   "tunemix1522": {
      "temperature": [
         0.0, 
         2.0, 
         4.0, 
         6.0, 
         8.0, 
         10.0, 
         12.0, 
         14.0, 
         16.0, 
         18.0, 
         20.0, 
         22.0, 
         24.0, 
         26.0, 
         28.0, 
         30.0, 
         32.0, 
         34.0, 
         36.0, 
         38.0, 
         40.0, 
         42.0, 
         44.0, 
         46.0, 
         48.0, 
         50.0, 
         52.0, 
         54.0, 
         56.0, 
         58.0, 
         60.0, 
         62.0, 
         64.0, 
         66.0, 
         68.0, 
         70.0, 
         72.0, 
         74.0, 
         76.0, 
         78.0, 
         80.0, 
         82.0, 
         84.0, 
         86.0, 
         88.0, 
         90.0, 
         92.0, 
         94.0, 
         96.0, 
         98.0, 
         100.0, 
         150.0, 
         200.0, 
         250.0, 
         300.0, 
         350.0, 
         400.0, 
         450.0, 
         500.0, 
         550.0, 
         600.0, 
         650.0, 
         700.0, 
         750.0, 
         800.0, 
         850.0, 
         900.0, 
         950.0, 
         1000.0, 
         1050.0, 
         1100.0, 
         1150.0, 
         1200.0, 
         1250.0, 
         1300.0, 
         1350.0, 
         1400.0, 
         1450.0, 
         1500.0, 
         1550.0, 
         1600.0, 
         1650.0, 
         1700.0, 
         1750.0, 
         1800.0, 
         1850.0, 
         1900.0, 
         1950.0, 
         2000.0, 
         2050.0, 
         2100.0, 
         2150.0, 
         2200.0, 
         2250.0, 
         2300.0, 
         2350.0, 
         2400.0, 
         2450.0, 
         2500.0, 
         2550.0, 
         2600.0, 
         2650.0, 
         2700.0, 
         2750.0, 
         2800.0, 
         2850.0, 
         2900.0, 
         2950.0, 
         3000.0
      ], 
      "hc": [
         0.0, 
         0.015056328333333334, 
         0.063456274, 
         0.120598526, 
         0.182602446, 
         0.246376252, 
         0.309776442, 
         0.3714677023333333, 
         0.43068134233333333, 
         0.487063714, 
         0.5405161906666667, 
         0.591110055, 
         0.639018028, 
         0.6844612243333333, 
         0.7276942196666667, 
         0.7689737043333333, 
         0.808553373, 
         0.8466790983333333, 
         0.8835692883333333, 
         0.9194300303333333, 
         0.9544343436666667, 
         0.9887432576666666, 
         1.022485512, 
         1.0557811306666667, 
         1.0887205066666668, 
         1.1213836026666666, 
         1.1538332329999998, 
         1.1861198936666666, 
         1.218284426, 
         1.2503528543333333, 
         1.2823490393333332, 
         1.3142876296666668, 
         1.346176117, 
         1.3780194946666668, 
         1.4098162086666666, 
         1.4415656476666667, 
         1.4732604870000001, 
         1.5048960653333334, 
         1.536466, 
         1.5679573613333333, 
         1.5993637673333334, 
         1.6306747856666666, 
         1.6618782636666667, 
         1.6929703170000001, 
         1.7239380146666667, 
         1.7547707583333334, 
         1.7854638866666666, 
         1.8160092976666666, 
         1.8463973356666668, 
         1.876620675, 
         1.906675432, 
         2.593981972, 
         3.1671729483333335, 
         3.667016003, 
         4.121079097, 
         4.536479575666667, 
         4.912218118666667, 
         5.247308513, 
         5.543013383333333, 
         5.802458212333333, 
         6.0297029239999995, 
         6.228974734666667, 
         6.404237657666667, 
         6.559000785666667, 
         6.6962621376666664, 
         6.818547610666667, 
         6.927958487, 
         7.0262438996666665, 
         7.114871419666667, 
         7.1950591306666665, 
         7.2678412733333335, 
         7.334091109666667, 
         7.394553660666666, 
         7.4498701800000005, 
         7.5005926333333335, 
         7.547203015666667, 
         7.590121779666667, 
         7.6297115579999994, 
         7.666299468333333, 
         7.7001667933333335, 
         7.731570842666667, 
         7.760736186666667, 
         7.787858873666667, 
         7.813119693, 
         7.8366822853333336, 
         7.858687541, 
         7.879264032, 
         7.898532394333333, 
         7.9165919, 
         7.933541211333333, 
         7.949468226, 
         7.964450407666667, 
         7.978556952333333, 
         7.9918522303333335, 
         8.004398278666667, 
         8.016245427333333, 
         8.027446059333332, 
         8.038045677, 
         8.048082623666668, 
         8.057596021, 
         8.066621714, 
         8.075193220000001, 
         8.083334843333335, 
         8.091078546666667, 
         8.098447857666667, 
         8.105464751, 
         8.112153842666666, 
         8.118532175333334, 
         8.124620108
      ]
   }, 
   "tunemix2122": {
      "temperature": [
         0.0, 
         2.0, 
         4.0, 
         6.0, 
         8.0, 
         10.0, 
         12.0, 
         14.0, 
         16.0, 
         18.0, 
         20.0, 
         22.0, 
         24.0, 
         26.0, 
         28.0, 
         30.0, 
         32.0, 
         34.0, 
         36.0, 
         38.0, 
         40.0, 
         42.0, 
         44.0, 
         46.0, 
         48.0, 
         50.0, 
         52.0, 
         54.0, 
         56.0, 
         58.0, 
         60.0, 
         62.0, 
         64.0, 
         66.0, 
         68.0, 
         70.0, 
         72.0, 
         74.0, 
         76.0, 
         78.0, 
         80.0, 
         82.0, 
         84.0, 
         86.0, 
         88.0, 
         90.0, 
         92.0, 
         94.0, 
         96.0, 
         98.0, 
         100.0, 
         150.0, 
         200.0, 
         250.0, 
         300.0, 
         350.0, 
         400.0, 
         450.0, 
         500.0, 
         550.0, 
         600.0, 
         650.0, 
         700.0, 
         750.0, 
         800.0, 
         850.0, 
         900.0, 
         950.0, 
         1000.0, 
         1050.0, 
         1100.0, 
         1150.0, 
         1200.0, 
         1250.0, 
         1300.0, 
         1350.0, 
         1400.0, 
         1450.0, 
         1500.0, 
         1550.0, 
         1600.0, 
         1650.0, 
         1700.0, 
         1750.0, 
         1800.0, 
         1850.0, 
         1900.0, 
         1950.0, 
         2000.0, 
         2050.0, 
         2100.0, 
         2150.0, 
         2200.0, 
         2250.0, 
         2300.0, 
         2350.0, 
         2400.0, 
         2450.0, 
         2500.0, 
         2550.0, 
         2600.0, 
         2650.0, 
         2700.0, 
         2750.0, 
         2800.0, 
         2850.0, 
         2900.0, 
         2950.0, 
         3000.0
      ], 
      "hc": [
         0, 
         0.005783217, 
         0.041799534, 
         0.089293706, 
         0.140391608, 
         0.192664336, 
         0.245284382, 
         0.297773893, 
         0.349662005, 
         0.400524476, 
         0.450027972, 
         0.497974359, 
         0.544275058, 
         0.588941725, 
         0.632048951, 
         0.673722611, 
         0.714109557, 
         0.753370629, 
         0.791666667, 
         0.829151515, 
         0.865969697, 
         0.902244755, 
         0.93809324, 
         0.973613054, 
         1.008888112, 
         1.043986014, 
         1.078960373, 
         1.113857809, 
         1.148710956, 
         1.183545455, 
         1.21837296, 
         1.253207459, 
         1.288048951, 
         1.322897436, 
         1.357748252, 
         1.392592075, 
         1.427421911, 
         1.462223776, 
         1.496986014, 
         1.531692308, 
         1.566331002, 
         1.600885781, 
         1.635342657, 
         1.669689977, 
         1.703911422, 
         1.737997669, 
         1.771934732, 
         1.805713287, 
         1.839319347, 
         1.872745921, 
         1.905981352, 
         2.662724942, 
         3.284305361, 
         3.816606061, 
         4.292016317, 
         4.720764569, 
         5.104032634, 
         5.442449883, 
         5.738470862, 
         5.996086247, 
         6.219962704, 
         6.4147669, 
         6.584787879, 
         6.733773893, 
         6.864913753, 
         6.980878788, 
         7.083890443, 
         7.175787879, 
         7.258104895, 
         7.332121212, 
         7.398902098, 
         7.459351981, 
         7.514237762, 
         7.56420979, 
         7.609822844, 
         7.651564103, 
         7.689848485, 
         7.725037296, 
         7.757445221, 
         7.787354312, 
         7.815004662, 
         7.840613054, 
         7.864370629, 
         7.886445221, 
         7.906990676, 
         7.926137529, 
         7.944009324, 
         7.960713287, 
         7.976344988, 
         7.990990676, 
         8.004734266, 
         8.017643357, 
         8.029783217, 
         8.041212121, 
         8.051981352, 
         8.062144522, 
         8.071738928, 
         8.080811189, 
         8.089393939, 
         8.097522145, 
         8.105228438, 
         8.112538462, 
         8.119480186, 
         8.126074592, 
         8.132347319, 
         8.138319347, 
         8.1440046, 
         8.149424242, 
         8.154594406
      ]
   }, 
   "peptide": {
      "temperature": [
         0.0, 
         2.0, 
         4.0, 
         6.0, 
         8.0, 
         10.0, 
         12.0, 
         14.0, 
         16.0, 
         18.0, 
         20.0, 
         22.0, 
         24.0, 
         26.0, 
         28.0, 
         30.0, 
         32.0, 
         34.0, 
         36.0, 
         38.0, 
         40.0, 
         42.0, 
         44.0, 
         46.0, 
         48.0, 
         50.0, 
         52.0, 
         54.0, 
         56.0, 
         58.0, 
         60.0, 
         62.0, 
         64.0, 
         66.0, 
         68.0, 
         70.0, 
         72.0, 
         74.0, 
         76.0, 
         78.0, 
         80.0, 
         82.0, 
         84.0, 
         86.0, 
         88.0, 
         90.0, 
         92.0, 
         94.0, 
         96.0, 
         98.0, 
         100.0, 
         150.0, 
         200.0, 
         250.0, 
         300.0, 
         350.0, 
         400.0, 
         450.0, 
         500.0, 
         550.0, 
         600.0, 
         650.0, 
         700.0, 
         750.0, 
         800.0, 
         850.0, 
         900.0, 
         950.0, 
         1000.0, 
         1050.0, 
         1100.0, 
         1150.0, 
         1200.0, 
         1250.0, 
         1300.0, 
         1350.0, 
         1400.0, 
         1450.0, 
         1500.0, 
         1550.0, 
         1600.0, 
         1650.0, 
         1700.0, 
         1750.0, 
         1800.0, 
         1850.0, 
         1900.0, 
         1950.0, 
         2000.0, 
         2050.0, 
         2100.0, 
         2150.0, 
         2200.0, 
         2250.0, 
         2300.0, 
         2350.0, 
         2400.0, 
         2450.0, 
         2500.0, 
         2550.0, 
         2600.0, 
         2650.0, 
         2700.0, 
         2750.0, 
         2800.0, 
         2850.0, 
         2900.0, 
         2950.0, 
         3000.0
      ], 
      "hc": [
         0, 
         0.008498128, 
         0.035044453, 
         0.068992651, 
         0.10593216, 
         0.142925607, 
         0.178903454, 
         0.213790896, 
         0.24779044, 
         0.281068953, 
         0.313693092, 
         0.345654912, 
         0.376909332, 
         0.407394501, 
         0.437068156, 
         0.465904099, 
         0.493905713, 
         0.521088389, 
         0.547497281, 
         0.573172481, 
         0.598169582, 
         0.62254457, 
         0.646352614, 
         0.669645456, 
         0.692474178, 
         0.714876153, 
         0.736894582, 
         0.758562934, 
         0.779907445, 
         0.800955443, 
         0.821727923, 
         0.842241963, 
         0.862515533, 
         0.882561491, 
         0.9023923, 
         0.922015939, 
         0.941441626, 
         0.960681535, 
         0.979737982, 
         0.998621777, 
         1.01733658, 
         1.035888458, 
         1.054286987, 
         1.07253297, 
         1.090633968, 
         1.108595703, 
         1.126422405, 
         1.14412293, 
         1.161696525, 
         1.179150354, 
         1.196492469, 
         1.604575185, 
         1.992644805, 
         2.381392087, 
         2.772458611, 
         3.157256699, 
         3.525413855, 
         3.869538978, 
         4.18622996, 
         4.475192694, 
         4.737970897, 
         4.976938566, 
         5.194668125, 
         5.393594732, 
         5.575876343, 
         5.743368985, 
         5.897656567, 
         6.040079938, 
         6.171787411, 
         6.293761657, 
         6.40687316, 
         6.51188363, 
         6.60947072, 
         6.700244896, 
         6.784752915, 
         6.863500874, 
         6.936938562, 
         7.00548525, 
         7.069514369, 
         7.129380035, 
         7.1853949, 
         7.237856361, 
         7.287029429, 
         7.333158603, 
         7.376470684, 
         7.417172377, 
         7.455453904, 
         7.491488693, 
         7.5254371, 
         7.557447891, 
         7.587657791, 
         7.6161872, 
         7.643154267, 
         7.668664954, 
         7.692812125, 
         7.715696752, 
         7.737389464, 
         7.757976891, 
         7.777523266, 
         7.79609887, 
         7.8137605, 
         7.830569885, 
         7.846574639, 
         7.861823617, 
         7.876365442, 
         7.890237138, 
         7.903480682, 
         7.916134337, 
         7.928225858
      ]
   }, 
   "peptide90": {
      "temperature": [
         0.0,
		 2.0,
		 4.0,
		 6.0,
		 8.0,
		 10.0,
		 12.0,
		 14.0,
		 16.0,
		 18.0,
		 20.0,
		 22.0,
		 24.0,
		 26.0,
		 28.0,
		 30.0,
		 32.0,
		 34.0,
		 36.0,
		 38.0,
		 40.0,
		 42.0,
		 44.0,
		 46.0,
		 48.0,
		 50.0,
		 52.0,
		 54.0,
		 56.0,
		 58.0,
		 60.0,
		 62.0,
		 64.0,
		 66.0,
		 68.0,
		 70.0,
		 72.0,
		 74.0,
		 76.0,
		 78.0,
		 80.0,
		 82.0,
		 84.0,
		 86.0,
		 88.0,
		 90.0,
		 92.0,
		 94.0,
		 96.0,
		 98.0,
		 100.0,
		 150.0,
		 200.0,
		 250.0,
		 298.0,
		 300.0,
		 350.0,
		 400.0,
		 450.0,
		 500.0,
		 550.0,
		 600.0,
		 650.0,
		 700.0,
		 750.0,
		 800.0,
		 850.0,
		 900.0,
		 950.0,
		 1000.0,
		 1050.0,
		 1100.0,
		 1150.0,
		 1200.0,
		 1250.0,
		 1300.0,
		 1350.0,
		 1400.0,
		 1450.0,
		 1500.0,
		 1550.0,
		 1600.0,
		 1650.0,
		 1700.0,
		 1750.0,
		 1800.0,
		 1850.0,
		 1900.0,
		 1950.0,
		 2000.0,
		 2050.0,
		 2100.0,
		 2150.0,
		 2200.0,
		 2250.0,
		 2300.0,
		 2350.0,
		 2400.0,
		 2450.0,
		 2500.0,
		 2550.0,
		 2600.0,
		 2650.0,
		 2700.0,
		 2750.0,
		 2800.0,
		 2850.0,
		 2900.0,
		 2950.0,
		 3000.0,
		 3050.0,
		 3100.0,
		 3150.0,
		 3200.0,
		 3250.0,
		 3300.0,
		 3350.0,
		 3400.0,
		 3450.0,
		 3500.0,
		 3550.0,
		 3600.0,
		 3650.0,
		 3700.0,
		 3750.0,
		 3800.0,
		 3850.0,
		 3900.0,
		 3950.0,
		 4000.0,
		 4050.0,
		 4100.0,
		 4150.0,
		 4200.0,
		 4250.0,
		 4300.0,
		 4350.0,
		 4400.0,
		 4450.0,
		 4500.0,
		 4550.0,
		 4600.0,
		 4650.0,
		 4700.0,
		 4750.0,
		 4800.0,
		 4850.0,
		 4900.0,
		 4950.0,
		 5000.0
      ], 
      "hc": [
         0,
		 0.010770557,
		 0.038012624,
		 0.071219549,
		 0.107734118,
		 0.14500091,
		 0.181929419,
		 0.218368531,
		 0.254360886,
		 0.289905672,
		 0.324913206,
		 0.359270018,
		 0.392869718,
		 0.425634657,
		 0.457527308,
		 0.488537623,
		 0.518700019,
		 0.548050195,
		 0.576647407,
		 0.604550769,
		 0.631824284,
		 0.658529743,
		 0.684712215,
		 0.710429574,
		 0.735718179,
		 0.760620405,
		 0.78516627,
		 0.809380023,
		 0.833285105,
		 0.856901119,
		 0.880244693,
		 0.903327338,
		 0.926165508,
		 0.948765625,
		 0.971140719,
		 0.993297758,
		 1.015245273,
		 1.036990076,
		 1.058541661,
		 1.07990154,
		 1.101085891,
		 1.12209339,
		 1.142934852,
		 1.163614063,
		 1.184140621,
		 1.20451897,
		 1.224753792,
		 1.244852834,
		 1.264823205,
		 1.284669722,
		 1.30439407,
		 1.772556413,
		 2.224211208,
		 2.67662905,
		 3.105954217,
		 3.122138711,
		 3.545968767,
		 3.937417803,
		 4.292272278,
		 4.611077748,
		 4.896840599,
		 5.153380062,
		 5.384455193,
		 5.593385411,
		 5.782981153,
		 5.955582295,
		 6.113130801,
		 6.257256063,
		 6.389341707,
		 6.510589629,
		 6.622037725,
		 6.724611358,
		 6.819128827,
		 6.906322039,
		 6.986845852,
		 7.061298242,
		 7.130211628,
		 7.194071406,
		 7.253312674,
		 7.308330292,
		 7.359490796,
		 7.407107248,
		 7.451483707,
		 7.492883263,
		 7.531549926,
		 7.567701432,
		 7.601540459,
		 7.63324744,
		 7.662986755,
		 7.690912319,
		 7.717159787,
		 7.741855354,
		 7.765111738,
		 7.787036383,
		 7.807720811,
		 7.827258542,
		 7.845725394,
		 7.863197911,
		 7.879742039,
		 7.89542166,
		 7.910291475,
		 7.924406779,
		 7.937816218,
		 7.950564977,
		 7.962691502,
		 7.974238868,
		 7.98524065,
		 7.995729905,
		 8.005734496,
		 8.01528769,
		 8.024412723,
		 8.033135048,
		 8.041478776,
		 8.049463422,
		 8.057107684,
		 8.06443365,
		 8.07145675,
		 8.078193069,
		 8.084656396,
		 8.090863873,
		 8.096827877,
		 8.102557589,
		 8.108067346,
		 8.113370144,
		 8.118475621,
		 8.12338989,
		 8.128120874,
		 8.132684329,
		 8.13708372,
		 8.141326642,
		 8.145421712,
		 8.149376517,
		 8.15319346,
		 8.156882179,
		 8.160445671,
		 8.163891805,
		 8.167224733,
		 8.170448043,
		 8.173570127,
		 8.176592323,
		 8.179517488,
		 8.182352059,
		 8.185099328,
		 8.187764027,
		 8.190346166,
		 8.192851919,
		 8.195282616,
		 8.197639689,
		 8.199932643,
		 8.202155993

      ]
   }
}